Match Date,Year,Format,Opposition,Venue,Runs,Balls Faced,Batting Strike Rate,Wickets,Overs Bowled,Runs Conceded,Economy,Bowling Strike Rate,Result,Player Name,DOB,Nationality,Playing Role,Batting Style,Bowling Style,Biography
2023-08-03,2023,T20I,Pakistan,Away,0,32,0.0,0,0.0,0,0.0,0.0,Lost,Tilak Varma,2002-11-08,India,Middle-order Batsman,Left-hand bat,Right-arm off-break,"Namboori Thakur Tilak Varma is an Indian international cricketer who plays for the Indian cricket team. A left-handed batsman and an occasional off-spin bowler, he plays for Hyderabad in domestic cricket and for Mumbai Indians in the Indian Premier League (IPL). He was a member of the Indian team that won the 2023 Asia Cup."
2023-08-10,2023,T20I,Australia,Away,60,55,109.09090909090908,0,0.0,0,0.0,0.0,Won,Tilak Varma,2002-11-08,India,Middle-order Batsman,Left-hand bat,Right-arm off-break,"Namboori Thakur Tilak Varma is an Indian international cricketer who plays for the Indian cricket team. A left-handed batsman and an occasional off-spin bowler, he plays for Hyderabad in domestic cricket and for Mumbai Indians in the Indian Premier League (IPL). He was a member of the Indian team that won the 2023 Asia Cup."
2023-08-17,2023,ODI,Pakistan,Away,7,25,28.000000000000004,0,3.0,23,7.666666666666667,0.0,Won,Tilak Varma,2002-11-08,India,Middle-order Batsman,Left-hand bat,Right-arm off-break,"Namboori Thakur Tilak Varma is an Indian international cricketer who plays for the Indian cricket team. A left-handed batsman and an occasional off-spin bowler, he plays for Hyderabad in domestic cricket and for Mumbai Indians in the Indian Premier League (IPL). He was a member of the Indian team that won the 2023 Asia Cup."
2023-08-25,2023,T20I,West Indies,Home,41,44,93.18181818181817,0,1.9,17,8.947368421052632,0.0,Lost,Tilak Varma,2002-11-08,India,Middle-order Batsman,Left-hand bat,Right-arm off-break,"Namboori Thakur Tilak Varma is an Indian international cricketer who plays for the Indian cricket team. A left-handed batsman and an occasional off-spin bowler, he plays for Hyderabad in domestic cricket and for Mumbai Indians in the Indian Premier League (IPL). He was a member of the Indian team that won the 2023 Asia Cup."
2023-09-01,2023,ODI,West Indies,Home,26,5,520.0,0,0.0,0,0.0,0.0,Won,Tilak Varma,2002-11-08,India,Middle-order Batsman,Left-hand bat,Right-arm off-break,"Namboori Thakur Tilak Varma is an Indian international cricketer who plays for the Indian cricket team. A left-handed batsman and an occasional off-spin bowler, he plays for Hyderabad in domestic cricket and for Mumbai Indians in the Indian Premier League (IPL). He was a member of the Indian team that won the 2023 Asia Cup."
2023-09-09,2023,ODI,Sri Lanka,Home,102,41,248.78048780487805,0,0.0,0,0.0,0.0,Won,Tilak Varma,2002-11-08,India,Middle-order Batsman,Left-hand bat,Right-arm off-break,"Namboori Thakur Tilak Varma is an Indian international cricketer who plays for the Indian cricket team. A left-handed batsman and an occasional off-spin bowler, he plays for Hyderabad in domestic cricket and for Mumbai Indians in the Indian Premier League (IPL). He was a member of the Indian team that won the 2023 Asia Cup."
2023-09-16,2023,ODI,England,Away,18,33,54.54545454545454,0,0.0,0,0.0,0.0,Lost,Tilak Varma,2002-11-08,India,Middle-order Batsman,Left-hand bat,Right-arm off-break,"Namboori Thakur Tilak Varma is an Indian international cricketer who plays for the Indian cricket team. A left-handed batsman and an occasional off-spin bowler, he plays for Hyderabad in domestic cricket and for Mumbai Indians in the Indian Premier League (IPL). He was a member of the Indian team that won the 2023 Asia Cup."
2023-09-24,2023,T20I,South Africa,Away,61,57,107.01754385964912,0,0.0,0,0.0,0.0,Lost,Tilak Varma,2002-11-08,India,Middle-order Batsman,Left-hand bat,Right-arm off-break,"Namboori Thakur Tilak Varma is an Indian international cricketer who plays for the Indian cricket team. A left-handed batsman and an occasional off-spin bowler, he plays for Hyderabad in domestic cricket and for Mumbai Indians in the Indian Premier League (IPL). He was a member of the Indian team that won the 2023 Asia Cup."
2023-10-01,2023,T20I,Australia,Home,70,38,184.21052631578948,0,0.0,0,0.0,0.0,Lost,Tilak Varma,2002-11-08,India,Middle-order Batsman,Left-hand bat,Right-arm off-break,"Namboori Thakur Tilak Varma is an Indian international cricketer who plays for the Indian cricket team. A left-handed batsman and an occasional off-spin bowler, he plays for Hyderabad in domestic cricket and for Mumbai Indians in the Indian Premier League (IPL). He was a member of the Indian team that won the 2023 Asia Cup."
2023-10-09,2023,ODI,West Indies,Home,17,38,44.73684210526316,0,0.0,0,0.0,0.0,Won,Tilak Varma,2002-11-08,India,Middle-order Batsman,Left-hand bat,Right-arm off-break,"Namboori Thakur Tilak Varma is an Indian international cricketer who plays for the Indian cricket team. A left-handed batsman and an occasional off-spin bowler, he plays for Hyderabad in domestic cricket and for Mumbai Indians in the Indian Premier League (IPL). He was a member of the Indian team that won the 2023 Asia Cup."
2023-10-16,2023,T20I,Australia,Away,70,35,200.0,0,0.0,0,0.0,0.0,Lost,Tilak Varma,2002-11-08,India,Middle-order Batsman,Left-hand bat,Right-arm off-break,"Namboori Thakur Tilak Varma is an Indian international cricketer who plays for the Indian cricket team. A left-handed batsman and an occasional off-spin bowler, he plays for Hyderabad in domestic cricket and for Mumbai Indians in the Indian Premier League (IPL). He was a member of the Indian team that won the 2023 Asia Cup."
2023-10-24,2023,ODI,South Africa,Away,70,22,318.1818181818182,0,3.6,19,5.277777777777778,0.0,Lost,Tilak Varma,2002-11-08,India,Middle-order Batsman,Left-hand bat,Right-arm off-break,"Namboori Thakur Tilak Varma is an Indian international cricketer who plays for the Indian cricket team. A left-handed batsman and an occasional off-spin bowler, he plays for Hyderabad in domestic cricket and for Mumbai Indians in the Indian Premier League (IPL). He was a member of the Indian team that won the 2023 Asia Cup."
2023-10-31,2023,ODI,England,Home,42,18,233.33333333333334,0,0.0,0,0.0,0.0,Won,Tilak Varma,2002-11-08,India,Middle-order Batsman,Left-hand bat,Right-arm off-break,"Namboori Thakur Tilak Varma is an Indian international cricketer who plays for the Indian cricket team. A left-handed batsman and an occasional off-spin bowler, he plays for Hyderabad in domestic cricket and for Mumbai Indians in the Indian Premier League (IPL). He was a member of the Indian team that won the 2023 Asia Cup."
2023-11-08,2023,T20I,West Indies,Away,70,22,318.1818181818182,0,0.0,0,0.0,0.0,Lost,Tilak Varma,2002-11-08,India,Middle-order Batsman,Left-hand bat,Right-arm off-break,"Namboori Thakur Tilak Varma is an Indian international cricketer who plays for the Indian cricket team. A left-handed batsman and an occasional off-spin bowler, he plays for Hyderabad in domestic cricket and for Mumbai Indians in the Indian Premier League (IPL). He was a member of the Indian team that won the 2023 Asia Cup."
2023-11-15,2023,T20I,Sri Lanka,Home,30,49,61.224489795918366,0,0.0,0,0.0,0.0,Lost,Tilak Varma,2002-11-08,India,Middle-order Batsman,Left-hand bat,Right-arm off-break,"Namboori Thakur Tilak Varma is an Indian international cricketer who plays for the Indian cricket team. A left-handed batsman and an occasional off-spin bowler, he plays for Hyderabad in domestic cricket and for Mumbai Indians in the Indian Premier League (IPL). He was a member of the Indian team that won the 2023 Asia Cup."
2023-11-23,2023,ODI,West Indies,Away,11,12,91.66666666666666,0,1.1,9,8.181818181818182,0.0,Lost,Tilak Varma,2002-11-08,India,Middle-order Batsman,Left-hand bat,Right-arm off-break,"Namboori Thakur Tilak Varma is an Indian international cricketer who plays for the Indian cricket team. A left-handed batsman and an occasional off-spin bowler, he plays for Hyderabad in domestic cricket and for Mumbai Indians in the Indian Premier League (IPL). He was a member of the Indian team that won the 2023 Asia Cup."
2023-11-30,2023,T20I,England,Home,6,18,33.33333333333333,0,0.0,0,0.0,0.0,Lost,Tilak Varma,2002-11-08,India,Middle-order Batsman,Left-hand bat,Right-arm off-break,"Namboori Thakur Tilak Varma is an Indian international cricketer who plays for the Indian cricket team. A left-handed batsman and an occasional off-spin bowler, he plays for Hyderabad in domestic cricket and for Mumbai Indians in the Indian Premier League (IPL). He was a member of the Indian team that won the 2023 Asia Cup."
2023-12-08,2023,T20I,Bangladesh,Away,48,36,133.33333333333331,0,2.5,13,5.2,0.0,Lost,Tilak Varma,2002-11-08,India,Middle-order Batsman,Left-hand bat,Right-arm off-break,"Namboori Thakur Tilak Varma is an Indian international cricketer who plays for the Indian cricket team. A left-handed batsman and an occasional off-spin bowler, he plays for Hyderabad in domestic cricket and for Mumbai Indians in the Indian Premier League (IPL). He was a member of the Indian team that won the 2023 Asia Cup."
2023-12-15,2023,ODI,England,Home,26,51,50.98039215686274,0,0.0,0,0.0,0.0,Lost,Tilak Varma,2002-11-08,India,Middle-order Batsman,Left-hand bat,Right-arm off-break,"Namboori Thakur Tilak Varma is an Indian international cricketer who plays for the Indian cricket team. A left-handed batsman and an occasional off-spin bowler, he plays for Hyderabad in domestic cricket and for Mumbai Indians in the Indian Premier League (IPL). He was a member of the Indian team that won the 2023 Asia Cup."
2023-12-23,2023,T20I,South Africa,Away,35,39,89.74358974358975,0,0.0,0,0.0,0.0,Lost,Tilak Varma,2002-11-08,India,Middle-order Batsman,Left-hand bat,Right-arm off-break,"Namboori Thakur Tilak Varma is an Indian international cricketer who plays for the Indian cricket team. A left-handed batsman and an occasional off-spin bowler, he plays for Hyderabad in domestic cricket and for Mumbai Indians in the Indian Premier League (IPL). He was a member of the Indian team that won the 2023 Asia Cup."
2023-12-30,2023,T20I,Sri Lanka,Home,3,6,50.0,0,0.0,0,0.0,0.0,Won,Tilak Varma,2002-11-08,India,Middle-order Batsman,Left-hand bat,Right-arm off-break,"Namboori Thakur Tilak Varma is an Indian international cricketer who plays for the Indian cricket team. A left-handed batsman and an occasional off-spin bowler, he plays for Hyderabad in domestic cricket and for Mumbai Indians in the Indian Premier League (IPL). He was a member of the Indian team that won the 2023 Asia Cup."
2024-01-07,2024,ODI,Australia,Away,32,10,320.0,0,0.0,0,0.0,0.0,Lost,Tilak Varma,2002-11-08,India,Middle-order Batsman,Left-hand bat,Right-arm off-break,"Namboori Thakur Tilak Varma is an Indian international cricketer who plays for the Indian cricket team. A left-handed batsman and an occasional off-spin bowler, he plays for Hyderabad in domestic cricket and for Mumbai Indians in the Indian Premier League (IPL). He was a member of the Indian team that won the 2023 Asia Cup."
2024-01-14,2024,ODI,Sri Lanka,Away,71,57,124.56140350877195,0,1.0,4,4.0,0.0,Won,Tilak Varma,2002-11-08,India,Middle-order Batsman,Left-hand bat,Right-arm off-break,"Namboori Thakur Tilak Varma is an Indian international cricketer who plays for the Indian cricket team. A left-handed batsman and an occasional off-spin bowler, he plays for Hyderabad in domestic cricket and for Mumbai Indians in the Indian Premier League (IPL). He was a member of the Indian team that won the 2023 Asia Cup."
2024-01-22,2024,ODI,England,Home,19,28,67.85714285714286,1,3.8,34,8.947368421052632,22.799999999999997,Lost,Tilak Varma,2002-11-08,India,Middle-order Batsman,Left-hand bat,Right-arm off-break,"Namboori Thakur Tilak Varma is an Indian international cricketer who plays for the Indian cricket team. A left-handed batsman and an occasional off-spin bowler, he plays for Hyderabad in domestic cricket and for Mumbai Indians in the Indian Premier League (IPL). He was a member of the Indian team that won the 2023 Asia Cup."
2024-01-29,2024,T20I,Australia,Home,14,33,42.42424242424242,0,0.0,0,0.0,0.0,Won,Tilak Varma,2002-11-08,India,Middle-order Batsman,Left-hand bat,Right-arm off-break,"Namboori Thakur Tilak Varma is an Indian international cricketer who plays for the Indian cricket team. A left-handed batsman and an occasional off-spin bowler, he plays for Hyderabad in domestic cricket and for Mumbai Indians in the Indian Premier League (IPL). He was a member of the Indian team that won the 2023 Asia Cup."
2024-02-06,2024,ODI,Sri Lanka,Away,0,0,0.0,0,0.0,0,0.0,0.0,Lost,Tilak Varma,2002-11-08,India,Middle-order Batsman,Left-hand bat,Right-arm off-break,"Namboori Thakur Tilak Varma is an Indian international cricketer who plays for the Indian cricket team. A left-handed batsman and an occasional off-spin bowler, he plays for Hyderabad in domestic cricket and for Mumbai Indians in the Indian Premier League (IPL). He was a member of the Indian team that won the 2023 Asia Cup."
2024-02-13,2024,ODI,England,Home,47,30,156.66666666666666,0,0.0,0,0.0,0.0,Lost,Tilak Varma,2002-11-08,India,Middle-order Batsman,Left-hand bat,Right-arm off-break,"Namboori Thakur Tilak Varma is an Indian international cricketer who plays for the Indian cricket team. A left-handed batsman and an occasional off-spin bowler, he plays for Hyderabad in domestic cricket and for Mumbai Indians in the Indian Premier League (IPL). He was a member of the Indian team that won the 2023 Asia Cup."
2024-02-21,2024,ODI,England,Home,0,42,0.0,0,2.3,9,3.91304347826087,0.0,Lost,Tilak Varma,2002-11-08,India,Middle-order Batsman,Left-hand bat,Right-arm off-break,"Namboori Thakur Tilak Varma is an Indian international cricketer who plays for the Indian cricket team. A left-handed batsman and an occasional off-spin bowler, he plays for Hyderabad in domestic cricket and for Mumbai Indians in the Indian Premier League (IPL). He was a member of the Indian team that won the 2023 Asia Cup."
2024-02-28,2024,T20I,England,Away,45,8,562.5,0,1.8,16,8.88888888888889,0.0,Won,Tilak Varma,2002-11-08,India,Middle-order Batsman,Left-hand bat,Right-arm off-break,"Namboori Thakur Tilak Varma is an Indian international cricketer who plays for the Indian cricket team. A left-handed batsman and an occasional off-spin bowler, he plays for Hyderabad in domestic cricket and for Mumbai Indians in the Indian Premier League (IPL). He was a member of the Indian team that won the 2023 Asia Cup."
2024-03-07,2024,T20I,Bangladesh,Away,0,24,0.0,0,2.7,11,4.0740740740740735,0.0,Lost,Tilak Varma,2002-11-08,India,Middle-order Batsman,Left-hand bat,Right-arm off-break,"Namboori Thakur Tilak Varma is an Indian international cricketer who plays for the Indian cricket team. A left-handed batsman and an occasional off-spin bowler, he plays for Hyderabad in domestic cricket and for Mumbai Indians in the Indian Premier League (IPL). He was a member of the Indian team that won the 2023 Asia Cup."
2024-03-14,2024,T20I,Pakistan,Home,58,29,200.0,0,0.0,0,0.0,0.0,Won,Tilak Varma,2002-11-08,India,Middle-order Batsman,Left-hand bat,Right-arm off-break,"Namboori Thakur Tilak Varma is an Indian international cricketer who plays for the Indian cricket team. A left-handed batsman and an occasional off-spin bowler, he plays for Hyderabad in domestic cricket and for Mumbai Indians in the Indian Premier League (IPL). He was a member of the Indian team that won the 2023 Asia Cup."
2024-03-22,2024,T20I,Australia,Away,31,55,56.36363636363636,0,0.0,0,0.0,0.0,Lost,Tilak Varma,2002-11-08,India,Middle-order Batsman,Left-hand bat,Right-arm off-break,"Namboori Thakur Tilak Varma is an Indian international cricketer who plays for the Indian cricket team. A left-handed batsman and an occasional off-spin bowler, he plays for Hyderabad in domestic cricket and for Mumbai Indians in the Indian Premier League (IPL). He was a member of the Indian team that won the 2023 Asia Cup."
2024-03-29,2024,T20I,England,Away,41,35,117.14285714285715,0,0.0,0,0.0,0.0,Won,Tilak Varma,2002-11-08,India,Middle-order Batsman,Left-hand bat,Right-arm off-break,"Namboori Thakur Tilak Varma is an Indian international cricketer who plays for the Indian cricket team. A left-handed batsman and an occasional off-spin bowler, he plays for Hyderabad in domestic cricket and for Mumbai Indians in the Indian Premier League (IPL). He was a member of the Indian team that won the 2023 Asia Cup."
2024-04-06,2024,T20I,West Indies,Away,21,36,58.333333333333336,0,0.0,0,0.0,0.0,Won,Tilak Varma,2002-11-08,India,Middle-order Batsman,Left-hand bat,Right-arm off-break,"Namboori Thakur Tilak Varma is an Indian international cricketer who plays for the Indian cricket team. A left-handed batsman and an occasional off-spin bowler, he plays for Hyderabad in domestic cricket and for Mumbai Indians in the Indian Premier League (IPL). He was a member of the Indian team that won the 2023 Asia Cup."
2024-04-13,2024,T20I,Bangladesh,Away,68,43,158.13953488372093,0,0.0,0,0.0,0.0,Won,Tilak Varma,2002-11-08,India,Middle-order Batsman,Left-hand bat,Right-arm off-break,"Namboori Thakur Tilak Varma is an Indian international cricketer who plays for the Indian cricket team. A left-handed batsman and an occasional off-spin bowler, he plays for Hyderabad in domestic cricket and for Mumbai Indians in the Indian Premier League (IPL). He was a member of the Indian team that won the 2023 Asia Cup."
2024-04-21,2024,ODI,Australia,Home,30,20,150.0,0,3.7,33,8.91891891891892,0.0,Lost,Tilak Varma,2002-11-08,India,Middle-order Batsman,Left-hand bat,Right-arm off-break,"Namboori Thakur Tilak Varma is an Indian international cricketer who plays for the Indian cricket team. A left-handed batsman and an occasional off-spin bowler, he plays for Hyderabad in domestic cricket and for Mumbai Indians in the Indian Premier League (IPL). He was a member of the Indian team that won the 2023 Asia Cup."
2024-04-28,2024,ODI,South Africa,Away,59,43,137.2093023255814,0,0.0,0,0.0,0.0,Won,Tilak Varma,2002-11-08,India,Middle-order Batsman,Left-hand bat,Right-arm off-break,"Namboori Thakur Tilak Varma is an Indian international cricketer who plays for the Indian cricket team. A left-handed batsman and an occasional off-spin bowler, he plays for Hyderabad in domestic cricket and for Mumbai Indians in the Indian Premier League (IPL). He was a member of the Indian team that won the 2023 Asia Cup."
2024-05-06,2024,T20I,South Africa,Away,0,0,0.0,0,0.0,0,0.0,0.0,Lost,Tilak Varma,2002-11-08,India,Middle-order Batsman,Left-hand bat,Right-arm off-break,"Namboori Thakur Tilak Varma is an Indian international cricketer who plays for the Indian cricket team. A left-handed batsman and an occasional off-spin bowler, he plays for Hyderabad in domestic cricket and for Mumbai Indians in the Indian Premier League (IPL). He was a member of the Indian team that won the 2023 Asia Cup."
2024-05-13,2024,ODI,South Africa,Away,57,43,132.5581395348837,0,0.0,0,0.0,0.0,Won,Tilak Varma,2002-11-08,India,Middle-order Batsman,Left-hand bat,Right-arm off-break,"Namboori Thakur Tilak Varma is an Indian international cricketer who plays for the Indian cricket team. A left-handed batsman and an occasional off-spin bowler, he plays for Hyderabad in domestic cricket and for Mumbai Indians in the Indian Premier League (IPL). He was a member of the Indian team that won the 2023 Asia Cup."
2024-05-21,2024,T20I,West Indies,Away,49,14,350.0,0,0.0,0,0.0,0.0,Won,Tilak Varma,2002-11-08,India,Middle-order Batsman,Left-hand bat,Right-arm off-break,"Namboori Thakur Tilak Varma is an Indian international cricketer who plays for the Indian cricket team. A left-handed batsman and an occasional off-spin bowler, he plays for Hyderabad in domestic cricket and for Mumbai Indians in the Indian Premier League (IPL). He was a member of the Indian team that won the 2023 Asia Cup."
2024-05-28,2024,ODI,Pakistan,Home,0,18,0.0,0,0.0,0,0.0,0.0,Won,Tilak Varma,2002-11-08,India,Middle-order Batsman,Left-hand bat,Right-arm off-break,"Namboori Thakur Tilak Varma is an Indian international cricketer who plays for the Indian cricket team. A left-handed batsman and an occasional off-spin bowler, he plays for Hyderabad in domestic cricket and for Mumbai Indians in the Indian Premier League (IPL). He was a member of the Indian team that won the 2023 Asia Cup."
2024-06-05,2024,T20I,England,Away,52,6,866.6666666666666,0,0.0,0,0.0,0.0,Lost,Tilak Varma,2002-11-08,India,Middle-order Batsman,Left-hand bat,Right-arm off-break,"Namboori Thakur Tilak Varma is an Indian international cricketer who plays for the Indian cricket team. A left-handed batsman and an occasional off-spin bowler, he plays for Hyderabad in domestic cricket and for Mumbai Indians in the Indian Premier League (IPL). He was a member of the Indian team that won the 2023 Asia Cup."
2024-06-12,2024,ODI,Bangladesh,Away,44,46,95.65217391304348,0,0.0,0,0.0,0.0,Lost,Tilak Varma,2002-11-08,India,Middle-order Batsman,Left-hand bat,Right-arm off-break,"Namboori Thakur Tilak Varma is an Indian international cricketer who plays for the Indian cricket team. A left-handed batsman and an occasional off-spin bowler, he plays for Hyderabad in domestic cricket and for Mumbai Indians in the Indian Premier League (IPL). He was a member of the Indian team that won the 2023 Asia Cup."
2024-06-20,2024,ODI,England,Away,4,25,16.0,0,0.0,0,0.0,0.0,Lost,Tilak Varma,2002-11-08,India,Middle-order Batsman,Left-hand bat,Right-arm off-break,"Namboori Thakur Tilak Varma is an Indian international cricketer who plays for the Indian cricket team. A left-handed batsman and an occasional off-spin bowler, he plays for Hyderabad in domestic cricket and for Mumbai Indians in the Indian Premier League (IPL). He was a member of the Indian team that won the 2023 Asia Cup."
2024-06-27,2024,ODI,Sri Lanka,Home,31,5,620.0,0,0.0,0,0.0,0.0,Won,Tilak Varma,2002-11-08,India,Middle-order Batsman,Left-hand bat,Right-arm off-break,"Namboori Thakur Tilak Varma is an Indian international cricketer who plays for the Indian cricket team. A left-handed batsman and an occasional off-spin bowler, he plays for Hyderabad in domestic cricket and for Mumbai Indians in the Indian Premier League (IPL). He was a member of the Indian team that won the 2023 Asia Cup."
2024-07-05,2024,T20I,West Indies,Away,43,31,138.70967741935485,0,0.0,0,0.0,0.0,Won,Tilak Varma,2002-11-08,India,Middle-order Batsman,Left-hand bat,Right-arm off-break,"Namboori Thakur Tilak Varma is an Indian international cricketer who plays for the Indian cricket team. A left-handed batsman and an occasional off-spin bowler, he plays for Hyderabad in domestic cricket and for Mumbai Indians in the Indian Premier League (IPL). He was a member of the Indian team that won the 2023 Asia Cup."
2024-07-12,2024,T20I,Bangladesh,Away,0,0,0.0,0,0.0,0,0.0,0.0,Won,Tilak Varma,2002-11-08,India,Middle-order Batsman,Left-hand bat,Right-arm off-break,"Namboori Thakur Tilak Varma is an Indian international cricketer who plays for the Indian cricket team. A left-handed batsman and an occasional off-spin bowler, he plays for Hyderabad in domestic cricket and for Mumbai Indians in the Indian Premier League (IPL). He was a member of the Indian team that won the 2023 Asia Cup."
2024-07-20,2024,T20I,South Africa,Home,45,29,155.17241379310346,0,0.0,0,0.0,0.0,Won,Tilak Varma,2002-11-08,India,Middle-order Batsman,Left-hand bat,Right-arm off-break,"Namboori Thakur Tilak Varma is an Indian international cricketer who plays for the Indian cricket team. A left-handed batsman and an occasional off-spin bowler, he plays for Hyderabad in domestic cricket and for Mumbai Indians in the Indian Premier League (IPL). He was a member of the Indian team that won the 2023 Asia Cup."
2024-07-27,2024,ODI,Pakistan,Away,0,0,0.0,0,0.0,0,0.0,0.0,Won,Tilak Varma,2002-11-08,India,Middle-order Batsman,Left-hand bat,Right-arm off-break,"Namboori Thakur Tilak Varma is an Indian international cricketer who plays for the Indian cricket team. A left-handed batsman and an occasional off-spin bowler, he plays for Hyderabad in domestic cricket and for Mumbai Indians in the Indian Premier League (IPL). He was a member of the Indian team that won the 2023 Asia Cup."
2024-08-04,2024,T20I,South Africa,Home,72,57,126.3157894736842,0,0.0,0,0.0,0.0,Lost,Tilak Varma,2002-11-08,India,Middle-order Batsman,Left-hand bat,Right-arm off-break,"Namboori Thakur Tilak Varma is an Indian international cricketer who plays for the Indian cricket team. A left-handed batsman and an occasional off-spin bowler, he plays for Hyderabad in domestic cricket and for Mumbai Indians in the Indian Premier League (IPL). He was a member of the Indian team that won the 2023 Asia Cup."
2024-08-11,2024,ODI,Australia,Away,0,45,0.0,0,0.0,0,0.0,0.0,Lost,Tilak Varma,2002-11-08,India,Middle-order Batsman,Left-hand bat,Right-arm off-break,"Namboori Thakur Tilak Varma is an Indian international cricketer who plays for the Indian cricket team. A left-handed batsman and an occasional off-spin bowler, he plays for Hyderabad in domestic cricket and for Mumbai Indians in the Indian Premier League (IPL). He was a member of the Indian team that won the 2023 Asia Cup."
2024-08-19,2024,ODI,Bangladesh,Away,62,45,137.77777777777777,0,0.0,0,0.0,0.0,Lost,Tilak Varma,2002-11-08,India,Middle-order Batsman,Left-hand bat,Right-arm off-break,"Namboori Thakur Tilak Varma is an Indian international cricketer who plays for the Indian cricket team. A left-handed batsman and an occasional off-spin bowler, he plays for Hyderabad in domestic cricket and for Mumbai Indians in the Indian Premier League (IPL). He was a member of the Indian team that won the 2023 Asia Cup."
2024-08-26,2024,T20I,Bangladesh,Home,65,37,175.67567567567568,0,0.0,0,0.0,0.0,Won,Tilak Varma,2002-11-08,India,Middle-order Batsman,Left-hand bat,Right-arm off-break,"Namboori Thakur Tilak Varma is an Indian international cricketer who plays for the Indian cricket team. A left-handed batsman and an occasional off-spin bowler, he plays for Hyderabad in domestic cricket and for Mumbai Indians in the Indian Premier League (IPL). He was a member of the Indian team that won the 2023 Asia Cup."
2024-09-03,2024,ODI,Sri Lanka,Home,23,57,40.35087719298245,0,0.0,0,0.0,0.0,Lost,Tilak Varma,2002-11-08,India,Middle-order Batsman,Left-hand bat,Right-arm off-break,"Namboori Thakur Tilak Varma is an Indian international cricketer who plays for the Indian cricket team. A left-handed batsman and an occasional off-spin bowler, he plays for Hyderabad in domestic cricket and for Mumbai Indians in the Indian Premier League (IPL). He was a member of the Indian team that won the 2023 Asia Cup."
2024-09-10,2024,ODI,Sri Lanka,Home,35,55,63.63636363636363,0,0.0,0,0.0,0.0,Won,Tilak Varma,2002-11-08,India,Middle-order Batsman,Left-hand bat,Right-arm off-break,"Namboori Thakur Tilak Varma is an Indian international cricketer who plays for the Indian cricket team. A left-handed batsman and an occasional off-spin bowler, he plays for Hyderabad in domestic cricket and for Mumbai Indians in the Indian Premier League (IPL). He was a member of the Indian team that won the 2023 Asia Cup."
2024-09-18,2024,ODI,New Zealand,Away,56,29,193.10344827586206,1,2.8,11,3.928571428571429,16.799999999999997,Won,Tilak Varma,2002-11-08,India,Middle-order Batsman,Left-hand bat,Right-arm off-break,"Namboori Thakur Tilak Varma is an Indian international cricketer who plays for the Indian cricket team. A left-handed batsman and an occasional off-spin bowler, he plays for Hyderabad in domestic cricket and for Mumbai Indians in the Indian Premier League (IPL). He was a member of the Indian team that won the 2023 Asia Cup."
2024-09-25,2024,T20I,New Zealand,Home,36,14,257.14285714285717,0,0.0,0,0.0,0.0,Lost,Tilak Varma,2002-11-08,India,Middle-order Batsman,Left-hand bat,Right-arm off-break,"Namboori Thakur Tilak Varma is an Indian international cricketer who plays for the Indian cricket team. A left-handed batsman and an occasional off-spin bowler, he plays for Hyderabad in domestic cricket and for Mumbai Indians in the Indian Premier League (IPL). He was a member of the Indian team that won the 2023 Asia Cup."
2024-10-03,2024,ODI,South Africa,Away,0,0,0.0,0,3.9,15,3.8461538461538463,0.0,Lost,Tilak Varma,2002-11-08,India,Middle-order Batsman,Left-hand bat,Right-arm off-break,"Namboori Thakur Tilak Varma is an Indian international cricketer who plays for the Indian cricket team. A left-handed batsman and an occasional off-spin bowler, he plays for Hyderabad in domestic cricket and for Mumbai Indians in the Indian Premier League (IPL). He was a member of the Indian team that won the 2023 Asia Cup."
2024-10-10,2024,ODI,England,Home,39,53,73.58490566037736,1,1.8,17,9.444444444444445,10.8,Won,Tilak Varma,2002-11-08,India,Middle-order Batsman,Left-hand bat,Right-arm off-break,"Namboori Thakur Tilak Varma is an Indian international cricketer who plays for the Indian cricket team. A left-handed batsman and an occasional off-spin bowler, he plays for Hyderabad in domestic cricket and for Mumbai Indians in the Indian Premier League (IPL). He was a member of the Indian team that won the 2023 Asia Cup."
2024-10-18,2024,ODI,England,Home,44,20,220.00000000000003,0,0.0,0,0.0,0.0,Lost,Tilak Varma,2002-11-08,India,Middle-order Batsman,Left-hand bat,Right-arm off-break,"Namboori Thakur Tilak Varma is an Indian international cricketer who plays for the Indian cricket team. A left-handed batsman and an occasional off-spin bowler, he plays for Hyderabad in domestic cricket and for Mumbai Indians in the Indian Premier League (IPL). He was a member of the Indian team that won the 2023 Asia Cup."
2024-10-25,2024,T20I,Australia,Away,19,19,100.0,0,0.0,0,0.0,0.0,Lost,Tilak Varma,2002-11-08,India,Middle-order Batsman,Left-hand bat,Right-arm off-break,"Namboori Thakur Tilak Varma is an Indian international cricketer who plays for the Indian cricket team. A left-handed batsman and an occasional off-spin bowler, he plays for Hyderabad in domestic cricket and for Mumbai Indians in the Indian Premier League (IPL). He was a member of the Indian team that won the 2023 Asia Cup."
2024-11-02,2024,ODI,England,Away,53,6,883.3333333333334,0,0.0,0,0.0,0.0,Lost,Tilak Varma,2002-11-08,India,Middle-order Batsman,Left-hand bat,Right-arm off-break,"Namboori Thakur Tilak Varma is an Indian international cricketer who plays for the Indian cricket team. A left-handed batsman and an occasional off-spin bowler, he plays for Hyderabad in domestic cricket and for Mumbai Indians in the Indian Premier League (IPL). He was a member of the Indian team that won the 2023 Asia Cup."
2024-11-09,2024,T20I,South Africa,Away,0,16,0.0,0,0.0,0,0.0,0.0,Won,Tilak Varma,2002-11-08,India,Middle-order Batsman,Left-hand bat,Right-arm off-break,"Namboori Thakur Tilak Varma is an Indian international cricketer who plays for the Indian cricket team. A left-handed batsman and an occasional off-spin bowler, he plays for Hyderabad in domestic cricket and for Mumbai Indians in the Indian Premier League (IPL). He was a member of the Indian team that won the 2023 Asia Cup."
2024-11-17,2024,T20I,South Africa,Home,0,43,0.0,0,0.0,0,0.0,0.0,Won,Tilak Varma,2002-11-08,India,Middle-order Batsman,Left-hand bat,Right-arm off-break,"Namboori Thakur Tilak Varma is an Indian international cricketer who plays for the Indian cricket team. A left-handed batsman and an occasional off-spin bowler, he plays for Hyderabad in domestic cricket and for Mumbai Indians in the Indian Premier League (IPL). He was a member of the Indian team that won the 2023 Asia Cup."
2024-11-24,2024,ODI,Australia,Home,0,9,0.0,0,0.0,0,0.0,0.0,Lost,Tilak Varma,2002-11-08,India,Middle-order Batsman,Left-hand bat,Right-arm off-break,"Namboori Thakur Tilak Varma is an Indian international cricketer who plays for the Indian cricket team. A left-handed batsman and an occasional off-spin bowler, he plays for Hyderabad in domestic cricket and for Mumbai Indians in the Indian Premier League (IPL). He was a member of the Indian team that won the 2023 Asia Cup."
2024-12-02,2024,T20I,New Zealand,Home,19,15,126.66666666666666,0,0.0,0,0.0,0.0,Lost,Tilak Varma,2002-11-08,India,Middle-order Batsman,Left-hand bat,Right-arm off-break,"Namboori Thakur Tilak Varma is an Indian international cricketer who plays for the Indian cricket team. A left-handed batsman and an occasional off-spin bowler, he plays for Hyderabad in domestic cricket and for Mumbai Indians in the Indian Premier League (IPL). He was a member of the Indian team that won the 2023 Asia Cup."
2024-12-09,2024,ODI,Bangladesh,Home,8,38,21.052631578947366,0,0.0,0,0.0,0.0,Lost,Tilak Varma,2002-11-08,India,Middle-order Batsman,Left-hand bat,Right-arm off-break,"Namboori Thakur Tilak Varma is an Indian international cricketer who plays for the Indian cricket team. A left-handed batsman and an occasional off-spin bowler, he plays for Hyderabad in domestic cricket and for Mumbai Indians in the Indian Premier League (IPL). He was a member of the Indian team that won the 2023 Asia Cup."
2024-12-17,2024,T20I,Australia,Away,43,13,330.7692307692308,0,0.0,0,0.0,0.0,Won,Tilak Varma,2002-11-08,India,Middle-order Batsman,Left-hand bat,Right-arm off-break,"Namboori Thakur Tilak Varma is an Indian international cricketer who plays for the Indian cricket team. A left-handed batsman and an occasional off-spin bowler, he plays for Hyderabad in domestic cricket and for Mumbai Indians in the Indian Premier League (IPL). He was a member of the Indian team that won the 2023 Asia Cup."
2024-12-24,2024,T20I,Bangladesh,Home,24,17,141.1764705882353,0,0.0,0,0.0,0.0,Won,Tilak Varma,2002-11-08,India,Middle-order Batsman,Left-hand bat,Right-arm off-break,"Namboori Thakur Tilak Varma is an Indian international cricketer who plays for the Indian cricket team. A left-handed batsman and an occasional off-spin bowler, he plays for Hyderabad in domestic cricket and for Mumbai Indians in the Indian Premier League (IPL). He was a member of the Indian team that won the 2023 Asia Cup."
2025-01-01,2025,T20I,West Indies,Away,39,11,354.54545454545456,0,0.0,0,0.0,0.0,Won,Tilak Varma,2002-11-08,India,Middle-order Batsman,Left-hand bat,Right-arm off-break,"Namboori Thakur Tilak Varma is an Indian international cricketer who plays for the Indian cricket team. A left-handed batsman and an occasional off-spin bowler, he plays for Hyderabad in domestic cricket and for Mumbai Indians in the Indian Premier League (IPL). He was a member of the Indian team that won the 2023 Asia Cup."
2025-01-08,2025,ODI,West Indies,Away,36,41,87.8048780487805,0,0.0,0,0.0,0.0,Won,Tilak Varma,2002-11-08,India,Middle-order Batsman,Left-hand bat,Right-arm off-break,"Namboori Thakur Tilak Varma is an Indian international cricketer who plays for the Indian cricket team. A left-handed batsman and an occasional off-spin bowler, he plays for Hyderabad in domestic cricket and for Mumbai Indians in the Indian Premier League (IPL). He was a member of the Indian team that won the 2023 Asia Cup."
2025-01-16,2025,T20I,England,Away,56,59,94.91525423728814,0,0.0,0,0.0,0.0,Won,Tilak Varma,2002-11-08,India,Middle-order Batsman,Left-hand bat,Right-arm off-break,"Namboori Thakur Tilak Varma is an Indian international cricketer who plays for the Indian cricket team. A left-handed batsman and an occasional off-spin bowler, he plays for Hyderabad in domestic cricket and for Mumbai Indians in the Indian Premier League (IPL). He was a member of the Indian team that won the 2023 Asia Cup."
2025-01-23,2025,ODI,England,Home,0,27,0.0,0,0.0,0,0.0,0.0,Won,Tilak Varma,2002-11-08,India,Middle-order Batsman,Left-hand bat,Right-arm off-break,"Namboori Thakur Tilak Varma is an Indian international cricketer who plays for the Indian cricket team. A left-handed batsman and an occasional off-spin bowler, he plays for Hyderabad in domestic cricket and for Mumbai Indians in the Indian Premier League (IPL). He was a member of the Indian team that won the 2023 Asia Cup."
2025-01-31,2025,T20I,England,Away,58,17,341.1764705882353,2,3.7,17,4.594594594594595,11.100000000000001,Won,Tilak Varma,2002-11-08,India,Middle-order Batsman,Left-hand bat,Right-arm off-break,"Namboori Thakur Tilak Varma is an Indian international cricketer who plays for the Indian cricket team. A left-handed batsman and an occasional off-spin bowler, he plays for Hyderabad in domestic cricket and for Mumbai Indians in the Indian Premier League (IPL). He was a member of the Indian team that won the 2023 Asia Cup."
2025-02-07,2025,ODI,Bangladesh,Home,2,12,16.666666666666664,0,3.2,25,7.8125,0.0,Lost,Tilak Varma,2002-11-08,India,Middle-order Batsman,Left-hand bat,Right-arm off-break,"Namboori Thakur Tilak Varma is an Indian international cricketer who plays for the Indian cricket team. A left-handed batsman and an occasional off-spin bowler, he plays for Hyderabad in domestic cricket and for Mumbai Indians in the Indian Premier League (IPL). He was a member of the Indian team that won the 2023 Asia Cup."
2025-02-15,2025,T20I,New Zealand,Away,28,22,127.27272727272727,0,3.0,27,9.0,0.0,Won,Tilak Varma,2002-11-08,India,Middle-order Batsman,Left-hand bat,Right-arm off-break,"Namboori Thakur Tilak Varma is an Indian international cricketer who plays for the Indian cricket team. A left-handed batsman and an occasional off-spin bowler, he plays for Hyderabad in domestic cricket and for Mumbai Indians in the Indian Premier League (IPL). He was a member of the Indian team that won the 2023 Asia Cup."
2025-02-22,2025,ODI,Pakistan,Away,33,17,194.11764705882354,0,0.0,0,0.0,0.0,Won,Tilak Varma,2002-11-08,India,Middle-order Batsman,Left-hand bat,Right-arm off-break,"Namboori Thakur Tilak Varma is an Indian international cricketer who plays for the Indian cricket team. A left-handed batsman and an occasional off-spin bowler, he plays for Hyderabad in domestic cricket and for Mumbai Indians in the Indian Premier League (IPL). He was a member of the Indian team that won the 2023 Asia Cup."
2025-03-02,2025,ODI,New Zealand,Home,33,54,61.111111111111114,0,2.8,25,8.928571428571429,0.0,Won,Tilak Varma,2002-11-08,India,Middle-order Batsman,Left-hand bat,Right-arm off-break,"Namboori Thakur Tilak Varma is an Indian international cricketer who plays for the Indian cricket team. A left-handed batsman and an occasional off-spin bowler, he plays for Hyderabad in domestic cricket and for Mumbai Indians in the Indian Premier League (IPL). He was a member of the Indian team that won the 2023 Asia Cup."
2025-03-09,2025,T20I,Pakistan,Home,12,25,48.0,0,0.0,0,0.0,0.0,Won,Tilak Varma,2002-11-08,India,Middle-order Batsman,Left-hand bat,Right-arm off-break,"Namboori Thakur Tilak Varma is an Indian international cricketer who plays for the Indian cricket team. A left-handed batsman and an occasional off-spin bowler, he plays for Hyderabad in domestic cricket and for Mumbai Indians in the Indian Premier League (IPL). He was a member of the Indian team that won the 2023 Asia Cup."
2025-03-17,2025,ODI,Australia,Away,50,54,92.5925925925926,0,0.0,0,0.0,0.0,Won,Tilak Varma,2002-11-08,India,Middle-order Batsman,Left-hand bat,Right-arm off-break,"Namboori Thakur Tilak Varma is an Indian international cricketer who plays for the Indian cricket team. A left-handed batsman and an occasional off-spin bowler, he plays for Hyderabad in domestic cricket and for Mumbai Indians in the Indian Premier League (IPL). He was a member of the Indian team that won the 2023 Asia Cup."
2025-03-24,2025,ODI,West Indies,Home,52,38,136.8421052631579,0,0.0,0,0.0,0.0,Lost,Tilak Varma,2002-11-08,India,Middle-order Batsman,Left-hand bat,Right-arm off-break,"Namboori Thakur Tilak Varma is an Indian international cricketer who plays for the Indian cricket team. A left-handed batsman and an occasional off-spin bowler, he plays for Hyderabad in domestic cricket and for Mumbai Indians in the Indian Premier League (IPL). He was a member of the Indian team that won the 2023 Asia Cup."
2025-04-01,2025,T20I,Sri Lanka,Home,39,18,216.66666666666666,0,0.0,0,0.0,0.0,Won,Tilak Varma,2002-11-08,India,Middle-order Batsman,Left-hand bat,Right-arm off-break,"Namboori Thakur Tilak Varma is an Indian international cricketer who plays for the Indian cricket team. A left-handed batsman and an occasional off-spin bowler, he plays for Hyderabad in domestic cricket and for Mumbai Indians in the Indian Premier League (IPL). He was a member of the Indian team that won the 2023 Asia Cup."
2025-04-08,2025,T20I,Pakistan,Home,70,20,350.0,0,0.0,0,0.0,0.0,Lost,Tilak Varma,2002-11-08,India,Middle-order Batsman,Left-hand bat,Right-arm off-break,"Namboori Thakur Tilak Varma is an Indian international cricketer who plays for the Indian cricket team. A left-handed batsman and an occasional off-spin bowler, he plays for Hyderabad in domestic cricket and for Mumbai Indians in the Indian Premier League (IPL). He was a member of the Indian team that won the 2023 Asia Cup."
2025-04-16,2025,ODI,Australia,Away,52,52,100.0,0,0.0,0,0.0,0.0,Lost,Tilak Varma,2002-11-08,India,Middle-order Batsman,Left-hand bat,Right-arm off-break,"Namboori Thakur Tilak Varma is an Indian international cricketer who plays for the Indian cricket team. A left-handed batsman and an occasional off-spin bowler, he plays for Hyderabad in domestic cricket and for Mumbai Indians in the Indian Premier League (IPL). He was a member of the Indian team that won the 2023 Asia Cup."
2025-04-23,2025,ODI,Australia,Away,10,10,100.0,0,0.0,0,0.0,0.0,Lost,Tilak Varma,2002-11-08,India,Middle-order Batsman,Left-hand bat,Right-arm off-break,"Namboori Thakur Tilak Varma is an Indian international cricketer who plays for the Indian cricket team. A left-handed batsman and an occasional off-spin bowler, he plays for Hyderabad in domestic cricket and for Mumbai Indians in the Indian Premier League (IPL). He was a member of the Indian team that won the 2023 Asia Cup."
2025-05-01,2025,ODI,Pakistan,Away,6,32,18.75,0,0.0,0,0.0,0.0,Won,Tilak Varma,2002-11-08,India,Middle-order Batsman,Left-hand bat,Right-arm off-break,"Namboori Thakur Tilak Varma is an Indian international cricketer who plays for the Indian cricket team. A left-handed batsman and an occasional off-spin bowler, he plays for Hyderabad in domestic cricket and for Mumbai Indians in the Indian Premier League (IPL). He was a member of the Indian team that won the 2023 Asia Cup."
2025-05-08,2025,T20I,New Zealand,Home,75,36,208.33333333333334,0,0.0,0,0.0,0.0,Won,Tilak Varma,2002-11-08,India,Middle-order Batsman,Left-hand bat,Right-arm off-break,"Namboori Thakur Tilak Varma is an Indian international cricketer who plays for the Indian cricket team. A left-handed batsman and an occasional off-spin bowler, he plays for Hyderabad in domestic cricket and for Mumbai Indians in the Indian Premier League (IPL). He was a member of the Indian team that won the 2023 Asia Cup."
2025-05-16,2025,ODI,South Africa,Home,32,59,54.23728813559322,0,2.6,23,8.846153846153847,0.0,Won,Tilak Varma,2002-11-08,India,Middle-order Batsman,Left-hand bat,Right-arm off-break,"Namboori Thakur Tilak Varma is an Indian international cricketer who plays for the Indian cricket team. A left-handed batsman and an occasional off-spin bowler, he plays for Hyderabad in domestic cricket and for Mumbai Indians in the Indian Premier League (IPL). He was a member of the Indian team that won the 2023 Asia Cup."
2025-05-23,2025,T20I,Australia,Home,17,32,53.125,0,0.0,0,0.0,0.0,Lost,Tilak Varma,2002-11-08,India,Middle-order Batsman,Left-hand bat,Right-arm off-break,"Namboori Thakur Tilak Varma is an Indian international cricketer who plays for the Indian cricket team. A left-handed batsman and an occasional off-spin bowler, he plays for Hyderabad in domestic cricket and for Mumbai Indians in the Indian Premier League (IPL). He was a member of the Indian team that won the 2023 Asia Cup."
2025-05-31,2025,T20I,England,Home,33,25,132.0,0,0.0,0,0.0,0.0,Lost,Tilak Varma,2002-11-08,India,Middle-order Batsman,Left-hand bat,Right-arm off-break,"Namboori Thakur Tilak Varma is an Indian international cricketer who plays for the Indian cricket team. A left-handed batsman and an occasional off-spin bowler, he plays for Hyderabad in domestic cricket and for Mumbai Indians in the Indian Premier League (IPL). He was a member of the Indian team that won the 2023 Asia Cup."
2025-06-07,2025,ODI,Bangladesh,Away,39,30,130.0,0,0.0,0,0.0,0.0,Won,Tilak Varma,2002-11-08,India,Middle-order Batsman,Left-hand bat,Right-arm off-break,"Namboori Thakur Tilak Varma is an Indian international cricketer who plays for the Indian cricket team. A left-handed batsman and an occasional off-spin bowler, he plays for Hyderabad in domestic cricket and for Mumbai Indians in the Indian Premier League (IPL). He was a member of the Indian team that won the 2023 Asia Cup."
2025-06-15,2025,ODI,Bangladesh,Home,13,25,52.0,0,3.4,17,5.0,0.0,Lost,Tilak Varma,2002-11-08,India,Middle-order Batsman,Left-hand bat,Right-arm off-break,"Namboori Thakur Tilak Varma is an Indian international cricketer who plays for the Indian cricket team. A left-handed batsman and an occasional off-spin bowler, he plays for Hyderabad in domestic cricket and for Mumbai Indians in the Indian Premier League (IPL). He was a member of the Indian team that won the 2023 Asia Cup."
2025-06-22,2025,ODI,Bangladesh,Home,0,0,0.0,0,0.0,0,0.0,0.0,Lost,Tilak Varma,2002-11-08,India,Middle-order Batsman,Left-hand bat,Right-arm off-break,"Namboori Thakur Tilak Varma is an Indian international cricketer who plays for the Indian cricket team. A left-handed batsman and an occasional off-spin bowler, he plays for Hyderabad in domestic cricket and for Mumbai Indians in the Indian Premier League (IPL). He was a member of the Indian team that won the 2023 Asia Cup."
2025-06-30,2025,T20I,West Indies,Away,22,44,50.0,0,2.4,18,7.5,0.0,Lost,Tilak Varma,2002-11-08,India,Middle-order Batsman,Left-hand bat,Right-arm off-break,"Namboori Thakur Tilak Varma is an Indian international cricketer who plays for the Indian cricket team. A left-handed batsman and an occasional off-spin bowler, he plays for Hyderabad in domestic cricket and for Mumbai Indians in the Indian Premier League (IPL). He was a member of the Indian team that won the 2023 Asia Cup."
2025-07-07,2025,T20I,West Indies,Away,39,58,67.24137931034483,1,3.3,13,3.9393939393939394,19.799999999999997,Lost,Tilak Varma,2002-11-08,India,Middle-order Batsman,Left-hand bat,Right-arm off-break,"Namboori Thakur Tilak Varma is an Indian international cricketer who plays for the Indian cricket team. A left-handed batsman and an occasional off-spin bowler, he plays for Hyderabad in domestic cricket and for Mumbai Indians in the Indian Premier League (IPL). He was a member of the Indian team that won the 2023 Asia Cup."
2025-07-15,2025,T20I,Pakistan,Home,42,37,113.51351351351352,0,0.0,0,0.0,0.0,Lost,Tilak Varma,2002-11-08,India,Middle-order Batsman,Left-hand bat,Right-arm off-break,"Namboori Thakur Tilak Varma is an Indian international cricketer who plays for the Indian cricket team. A left-handed batsman and an occasional off-spin bowler, he plays for Hyderabad in domestic cricket and for Mumbai Indians in the Indian Premier League (IPL). He was a member of the Indian team that won the 2023 Asia Cup."
2025-07-22,2025,T20I,England,Away,18,24,75.0,0,0.0,0,0.0,0.0,Won,Tilak Varma,2002-11-08,India,Middle-order Batsman,Left-hand bat,Right-arm off-break,"Namboori Thakur Tilak Varma is an Indian international cricketer who plays for the Indian cricket team. A left-handed batsman and an occasional off-spin bowler, he plays for Hyderabad in domestic cricket and for Mumbai Indians in the Indian Premier League (IPL). He was a member of the Indian team that won the 2023 Asia Cup."
2025-07-30,2025,T20I,Pakistan,Away,46,48,95.83333333333334,0,3.0,15,5.0,0.0,Lost,Tilak Varma,2002-11-08,India,Middle-order Batsman,Left-hand bat,Right-arm off-break,"Namboori Thakur Tilak Varma is an Indian international cricketer who plays for the Indian cricket team. A left-handed batsman and an occasional off-spin bowler, he plays for Hyderabad in domestic cricket and for Mumbai Indians in the Indian Premier League (IPL). He was a member of the Indian team that won the 2023 Asia Cup."
2025-08-06,2025,ODI,Pakistan,Home,5,59,8.47457627118644,0,0.0,0,0.0,0.0,Won,Tilak Varma,2002-11-08,India,Middle-order Batsman,Left-hand bat,Right-arm off-break,"Namboori Thakur Tilak Varma is an Indian international cricketer who plays for the Indian cricket team. A left-handed batsman and an occasional off-spin bowler, he plays for Hyderabad in domestic cricket and for Mumbai Indians in the Indian Premier League (IPL). He was a member of the Indian team that won the 2023 Asia Cup."
2025-08-14,2025,T20I,New Zealand,Away,15,52,28.846153846153843,0,2.4,10,4.166666666666667,0.0,Lost,Tilak Varma,2002-11-08,India,Middle-order Batsman,Left-hand bat,Right-arm off-break,"Namboori Thakur Tilak Varma is an Indian international cricketer who plays for the Indian cricket team. A left-handed batsman and an occasional off-spin bowler, he plays for Hyderabad in domestic cricket and for Mumbai Indians in the Indian Premier League (IPL). He was a member of the Indian team that won the 2023 Asia Cup."
